{"GD_neg_global2": {"source": "grapevine", "alignment": "1-2", "mode": "-", "name": "GDg2-", "data": "INSTORE_GD_neg_global2_data", "target": ["CAN", "CAN", "CAN", "CS", "CS", "CS", "LAB", "LAB", "LAB", "PN", "PN", "PN", "REG", "REG", "REG", "RIP", "RIP", "RIP", "RL", "RL", "RL", "ROT", "ROT", "ROT", "RU", "RU", "RU", "SYL", "SYL", "SYL", "TRI", "TRI", "TRI"], "classes": ["CAN", "CS", "LAB", "PN", "REG", "RIP", "RL", "ROT", "RU", "SYL", "TRI"], "label_colors": {"CAN": [0.9921568627450981, 0.5529411764705883, 0.23529411764705882], "RIP": [0.41708573625528644, 0.6806305267204922, 0.8382314494425221], "ROT": [0.1271049596309112, 0.4401845444059977, 0.7074971164936563], "RU": [0.5490196078431373, 0.42745098039215684, 0.19215686274509805], "LAB": [0.45176470588235296, 0.7670895809304115, 0.4612072279892349], "SYL": [0.1340253748558247, 0.5423298731257208, 0.26828143021914647], "REG": [0.8392156862745098, 0.15294117647058825, 0.1568627450980392], "CS": [0.87199254, 0.3633634, 0.35974223], "PN": [0.75861834, 0.25356035, 0.40663694], "RL": [0.60407977, 0.21017746, 0.43913439], "TRI": [0.44584668, 0.17360625, 0.43114133]}, "sample_colors": [[0.9921568627450981, 0.5529411764705883, 0.23529411764705882], [0.9921568627450981, 0.5529411764705883, 0.23529411764705882], [0.9921568627450981, 0.5529411764705883, 0.23529411764705882], [0.87199254, 0.3633634, 0.35974223], [0.87199254, 0.3633634, 0.35974223], [0.87199254, 0.3633634, 0.35974223], [0.45176470588235296, 0.7670895809304115, 0.4612072279892349], [0.45176470588235296, 0.7670895809304115, 0.4612072279892349], [0.45176470588235296, 0.7670895809304115, 0.4612072279892349], [0.75861834, 0.25356035, 0.40663694], [0.75861834, 0.25356035, 0.40663694], [0.75861834, 0.25356035, 0.40663694], [0.8392156862745098, 0.15294117647058825, 0.1568627450980392], [0.8392156862745098, 0.15294117647058825, 0.1568627450980392], [0.8392156862745098, 0.15294117647058825, 0.1568627450980392], [0.41708573625528644, 0.6806305267204922, 0.8382314494425221], [0.41708573625528644, 0.6806305267204922, 0.8382314494425221], [0.41708573625528644, 0.6806305267204922, 0.8382314494425221], [0.60407977, 0.21017746, 0.43913439], [0.60407977, 0.21017746, 0.43913439], [0.60407977, 0.21017746, 0.43913439], [0.1271049596309112, 0.4401845444059977, 0.7074971164936563], [0.1271049596309112, 0.4401845444059977, 0.7074971164936563], [0.1271049596309112, 0.4401845444059977, 0.7074971164936563], [0.5490196078431373, 0.42745098039215684, 0.19215686274509805], [0.5490196078431373, 0.42745098039215684, 0.19215686274509805], [0.5490196078431373, 0.42745098039215684, 0.19215686274509805], [0.1340253748558247, 0.5423298731257208, 0.26828143021914647], [0.1340253748558247, 0.5423298731257208, 0.26828143021914647], [0.1340253748558247, 0.5423298731257208, 0.26828143021914647], [0.44584668, 0.17360625, 0.43114133], [0.44584668, 0.17360625, 0.43114133], [0.44584668, 0.17360625, 0.43114133]], "BinSim": "INSTORE_GD_neg_global2_BinSim", "Ionly": "INSTORE_GD_neg_global2_Ionly", "P": "INSTORE_GD_neg_global2_P", "NP": "INSTORE_GD_neg_global2_NP", "NGP": "INSTORE_GD_neg_global2_NGP", "Ionly_RF": "INSTORE_GD_neg_global2_Ionly_RF", "P_RF": "INSTORE_GD_neg_global2_P_RF", "NP_RF": "INSTORE_GD_neg_global2_NP_RF", "NGP_RF": "INSTORE_GD_neg_global2_NGP_RF"}, "GD_pos_global2": {"source": "grapevine", "alignment": "1-2", "mode": "+", "name": "GDg2+", "data": "INSTORE_GD_pos_global2_data", "target": ["CAN", "CAN", "CAN", "CS", "CS", "CS", "LAB", "LAB", "LAB", "PN", "PN", "PN", "REG", "REG", "REG", "RIP", "RIP", "RIP", "RL", "RL", "RL", "ROT", "ROT", "ROT", "RU", "RU", "RU", "SYL", "SYL", "SYL", "TRI", "TRI", "TRI"], "classes": ["CAN", "CS", "LAB", "PN", "REG", "RIP", "RL", "ROT", "RU", "SYL", "TRI"], "label_colors": {"CAN": [0.9921568627450981, 0.5529411764705883, 0.23529411764705882], "RIP": [0.41708573625528644, 0.6806305267204922, 0.8382314494425221], "ROT": [0.1271049596309112, 0.4401845444059977, 0.7074971164936563], "RU": [0.5490196078431373, 0.42745098039215684, 0.19215686274509805], "LAB": [0.45176470588235296, 0.7670895809304115, 0.4612072279892349], "SYL": [0.1340253748558247, 0.5423298731257208, 0.26828143021914647], "REG": [0.8392156862745098, 0.15294117647058825, 0.1568627450980392], "CS": [0.87199254, 0.3633634, 0.35974223], "PN": [0.75861834, 0.25356035, 0.40663694], "RL": [0.60407977, 0.21017746, 0.43913439], "TRI": [0.44584668, 0.17360625, 0.43114133]}, "sample_colors": [[0.9921568627450981, 0.5529411764705883, 0.23529411764705882], [0.9921568627450981, 0.5529411764705883, 0.23529411764705882], [0.9921568627450981, 0.5529411764705883, 0.23529411764705882], [0.87199254, 0.3633634, 0.35974223], [0.87199254, 0.3633634, 0.35974223], [0.87199254, 0.3633634, 0.35974223], [0.45176470588235296, 0.7670895809304115, 0.4612072279892349], [0.45176470588235296, 0.7670895809304115, 0.4612072279892349], [0.45176470588235296, 0.7670895809304115, 0.4612072279892349], [0.75861834, 0.25356035, 0.40663694], [0.75861834, 0.25356035, 0.40663694], [0.75861834, 0.25356035, 0.40663694], [0.8392156862745098, 0.15294117647058825, 0.1568627450980392], [0.8392156862745098, 0.15294117647058825, 0.1568627450980392], [0.8392156862745098, 0.15294117647058825, 0.1568627450980392], [0.41708573625528644, 0.6806305267204922, 0.8382314494425221], [0.41708573625528644, 0.6806305267204922, 0.8382314494425221], [0.41708573625528644, 0.6806305267204922, 0.8382314494425221], [0.60407977, 0.21017746, 0.43913439], [0.60407977, 0.21017746, 0.43913439], [0.60407977, 0.21017746, 0.43913439], [0.1271049596309112, 0.4401845444059977, 0.7074971164936563], [0.1271049596309112, 0.4401845444059977, 0.7074971164936563], [0.1271049596309112, 0.4401845444059977, 0.7074971164936563], [0.5490196078431373, 0.42745098039215684, 0.19215686274509805], [0.5490196078431373, 0.42745098039215684, 0.19215686274509805], [0.5490196078431373, 0.42745098039215684, 0.19215686274509805], [0.1340253748558247, 0.5423298731257208, 0.26828143021914647], [0.1340253748558247, 0.5423298731257208, 0.26828143021914647], [0.1340253748558247, 0.5423298731257208, 0.26828143021914647], [0.44584668, 0.17360625, 0.43114133], [0.44584668, 0.17360625, 0.43114133], [0.44584668, 0.17360625, 0.43114133]], "BinSim": "INSTORE_GD_pos_global2_BinSim", "Ionly": "INSTORE_GD_pos_global2_Ionly", "P": "INSTORE_GD_pos_global2_P", "NP": "INSTORE_GD_pos_global2_NP", "NGP": "INSTORE_GD_pos_global2_NGP", "Ionly_RF": "INSTORE_GD_pos_global2_Ionly_RF", "P_RF": "INSTORE_GD_pos_global2_P_RF", "NP_RF": "INSTORE_GD_pos_global2_NP_RF", "NGP_RF": "INSTORE_GD_pos_global2_NGP_RF"}, "GD_neg_class2": {"source": "grapevine", "alignment": "2-1", "mode": "-", "name": "GDc2-", "data": "INSTORE_GD_neg_class2_data", "target": ["CAN", "CAN", "CAN", "CS", "CS", "CS", "LAB", "LAB", "LAB", "PN", "PN", "PN", "REG", "REG", "REG", "RIP", "RIP", "RIP", "RL", "RL", "RL", "ROT", "ROT", "ROT", "RU", "RU", "RU", "SYL", "SYL", "SYL", "TRI", "TRI", "TRI"], "classes": ["CAN", "CS", "LAB", "PN", "REG", "RIP", "RL", "ROT", "RU", "SYL", "TRI"], "label_colors": {"CAN": [0.9921568627450981, 0.5529411764705883, 0.23529411764705882], "RIP": [0.41708573625528644, 0.6806305267204922, 0.8382314494425221], "ROT": [0.1271049596309112, 0.4401845444059977, 0.7074971164936563], "RU": [0.5490196078431373, 0.42745098039215684, 0.19215686274509805], "LAB": [0.45176470588235296, 0.7670895809304115, 0.4612072279892349], "SYL": [0.1340253748558247, 0.5423298731257208, 0.26828143021914647], "REG": [0.8392156862745098, 0.15294117647058825, 0.1568627450980392], "CS": [0.87199254, 0.3633634, 0.35974223], "PN": [0.75861834, 0.25356035, 0.40663694], "RL": [0.60407977, 0.21017746, 0.43913439], "TRI": [0.44584668, 0.17360625, 0.43114133]},